<?xml version="1.0" encoding="utf-8"?>
<extension version="2.5" type="plugin" group="system">
	<name>System - Swiss Army Knife</name>
	<author>Chris Sheridan</author>
	<creationDate>2021-05-22</creationDate>
	<copyright>Copyright (C) 2104 webfoolery. All rights reserved.</copyright>
	<license>GNU General Public License</license>
	<authorEmail>joomla@webfoolery.com</authorEmail>
	<authorUrl>webfoolery.com</authorUrl>
	<version>1.9.0</version>
	<updateservers>
		<server type="extension" name="Swiss Army Knife" priority="1">https://webfoolery.com/downloads/joomla/plgSysSwiss_update.xml</server>
	</updateservers>
	<description>PLG_SYS_SWISS_DESCRIPTION</description>
	<files>
		<filename plugin="swiss">swiss.php</filename>
		<folder>fields</folder>
		<folder>language</folder>
	</files>
    <languages folder="language">
        <language tag="en-GB">en-GB/en-GB.plg_system_swiss.ini</language>
        <language tag="en-GB">en-GB/en-GB.plg_system_swiss.sys.ini</language>
    </languages> 
    <config>
        <fields name="params">
            <fieldset name="basic">
			</fieldset>


			<fieldset name="PLG_SWISS_SITE_OFFLINE_LABEL">
				<field name="siteOfflineEnabled" type="radio" default="0" label="Take site offline" description="When enabled visitors to the site will be redirected or shown the HTML below. You can specify IP addresses that will be allowed normal access to the site.">
					<option value="0">No</option>
					<option value="redirect">Yes, by redirect</option>
					<option value="html">Yes, show HTML</option>
				</field>
				<field name="allowedIpAddresses" type="textarea" rows="4" cols="40" default="" label="Allowed IPs" description="When the site is offline you can restore normal access to specified IP addresses. Enter each IP address on a new line, eg:&lt;br /&gt;12.122.243.12&lt;br /&gt;216.79.56.167" />
                <field name="offlineRedirectUrl" type="text" size="50" default="" label="Redirect URL" description="When the site is offline you can redirect visitors to any URL. Enter the full URL here, eg. http://mysite.com/offline.html" />
				<field name="offlineHTML" type="textarea" rows="4" cols="40" filter="raw" default="" label="HTML" description="If you take the site offline you can add your own HTML here that will be displayed instead of the normal website." />
			</fieldset>


			<fieldset name="PLG_SWISS_GENERATOR_OG_TAG_REPLACEMENT_FIELDSET_LABEL">
				<field name="generatorTagEnabled" type="radio" default="1" label="Enable generator tag change" description="When enabled this will allow you to edit or remove the generator metatag.">
					<option value="0">No</option>
					<option value="1">Yes</option>
				</field>
                <field name="metaGenerator" type="text" size="40" default="" label="Generator tag" description="A standard Joomla! install adds a Generator metatag to the site head. Here you can clear it or change it to something more meaningful to you. Leave the field empty to remove the tag entirely." />

				<field type="spacer" name="s13" label="&lt;hr&gt;&lt;b&gt;Open Graph / Twitter meta settings:&lt;/b&gt;" description="Configure your meta tags here for page sharing"/>

				<field name="ogTagEnabled" type="radio" default="0" label="Enable openGraph tags change" description="When enabled this will allow you to create OpenGraph tags on all pages of the site.">
					<option value="0">No</option>
					<option value="1">Yes</option>
				</field>
				<field name="twitterCard" type="list" default="summary_large_image" label="twitter:card" description="Select card type">
					<option value="summary">summary</option>
					<option value="summary_large_image">summary_large_image</option>
					<option value="app">app</option>
					<option value="player">player</option>
				</field>
				<field name="twitterTitle" type="list" default="auto" label="twitter:title" description="Choose Auto to create based on page settings">
					<option value="auto">Auto</option>
					<option value="autoDomain">Auto, prefixed with domain name</option>
					<option value="">Off</option>
				</field>
				<field name="twitterDescription" type="list" default="auto" label="twitter:description" description="Choose Auto to create based on page settings, eg. if the page is an article it will use the article description (if present)">
					<option value="auto">Auto</option>
					<option value="">Off</option>
				</field>
                <field name="twitterSite" type="text" size="40" default="" label="twitter:site" description="@username for the website used in the card footer." />
                <field name="twitterCreator" type="text" size="40" default="" label="twitter:creator" description="@username for the content creator / author." />
				<field name="twitterImage" type="media" default="" directory="images" label="twitter:image" description="URL of image to use in the card. Images must be less than 5MB in size. JPG, PNG, WEBP and GIF formats are supported. Only the first frame of an animated GIF will be used. SVG is not supported." />
                <field name="twitterImageAlt" type="textarea" rows="4" cols="40" default="" label="twitter:image:alt" description="A text description of the image conveying the essential nature of an image to users who are visually impaired. Maximum 420 characters." />
				<field name="ogTitle" type="list" default="auto" label="og:title" description="Choose Auto to create based on page settings">
					<option value="auto">Auto</option>
					<option value="autoDomain">Auto, prefixed with domain name</option>
					<option value="">Off</option>
				</field>
				<field name="ogUrl" type="list" default="auto" label="og:url" description="The URL of the content. Choose Auto to create based on page settings">
					<option value="auto">Auto</option>
					<option value="">Off</option>
				</field>
				<field name="ogType" type="list" default="auto" label="og:type" description="The type of your object, e.g., video.movie. Depending on the type you specify, other properties may also be required.">
					<option value="auto">Auto</option>
					<option value="">Off</option>
				</field>
				<field name="ogDescription" type="list" default="auto" label="og:description" description="A brief description of the content. Choose Auto to create based on page settings, eg. if the page is an article it will use the article description (if present)">
					<option value="auto">Auto</option>
					<option value="">Off</option>
				</field>
				<field name="ogImage" type="media" default="" directory="images" label="og:image" description="The URL of an image for the social snippet. The plugin will get width and height values and add those attributes automatically." />
                <field name="ogImageAlt" type="textarea" rows="4" cols="40" default="" label="og:image:alt" description="A description of what is in the image (not a caption). If the page specifies an og:image it should specify og:image:alt" />
				<field name="ogLocale" type="list" default="en_GB" label="og:locale" description="Defines the content language. Use only for content not written in American English (en_US). Facebook assumes content without this tag is written in this language.">
					<option value="en_GB">en_GB</option>
					<option value="">Off</option>
				</field>
			</fieldset>


			<fieldset name="PLG_SWISS_CONTENT_REPLACEMENT_FIELDSET_LABEL">
				<field name="replaceAnywhereEnabled" type="radio" default="0" label="Enable replaceAnywhere" description="When enabled this will allow use of variables in braces within the site content in articles, modules, plugins etc.&lt;br /&gt;Some variables are set up already:&lt;br /&gt; - {swiss.name}&lt;br /&gt; - {swiss.username}&lt;br /&gt; - {swiss.email}&lt;br /&gt; - {swiss.lastvisitdate}&lt;br /&gt; - {swiss.today.dd/mm/yyyy}&lt;br /&gt; - {swiss.today.day}&lt;br /&gt; - {swiss.today.date}&lt;br /&gt; - {swiss.today.month}&lt;br /&gt; - {swiss.today.year}">
					<option value="0">No</option>
					<option value="1">Yes</option>
				</field>
				<field name="replaceCustom" type="textarea" rows="4" cols="40" filter="raw" default="" label="Custom replacement strings" description="If you have enabled replaceAnywhere you can add your own sitewide search/replace strings here. Each pair must be on its own line separated by =>, the format is:&lt;br /&gt;search1=>replace1&lt;br /&gt;search2=>replace2&lt;br /&gt;search3=>replace3&lt;br /&gt;&lt;br /&gt;2 things to note:&lt;br /&gt;1) You can enter HTML here&lt;br /&gt;2) This will also replace content in the HEAD section - so be careful!" />
			</fieldset>


			<fieldset name="PLG_SWISS_INSERT_CODE_FIELDSET_LABEL">
				<field name="insertCodeEnabled" type="radio" default="0" label="Enable insertion of additional code" description="When enabled this will allow you to add CSS, javascript or HTML to the final page.">
					<option value="0">No</option>
					<option value="1">Yes</option>
				</field>
				<field name="headStart" type="textarea" label="After opening HEAD tag" rows="4" cols="40" filter="raw" default="" description="If you have enabled code insertion you can add code here that will be added to the rendered page straight after the HEAD tag" />
				<field name="headEnd" type="textarea" label="Before closing HEAD tag" rows="4" cols="40" filter="raw" default="" description="If you have enabled code insertion you can add code here that will be added to the rendered page before the closing HEAD tag. NB: other processes may run after this so there is a chance it could have items after it!" />
				<field name="bodyStart" type="textarea" label="After opening BODY tag" rows="4" cols="40" filter="raw" default="" description="If you have enabled code insertion you can add code here that will be added to the rendered page straight after the BODY tag" />
				<field name="bodyEnd" type="textarea" label="Before closing BODY tag" rows="4" cols="40" filter="raw" default="" description="If you have enabled code insertion you can add code here that will be added to the rendered page before the closing BODY tag" />
				<field name="css" type="textarea" label="Enter some CSS" rows="4" cols="40" filter="raw" default="" description="If you have enabled code insertion you can add CSS here that will be added to the head section of the rendered page. Do not put &amp;lt;style&amp;gt; tags in, just add the actual CSS!" />
				<field name="cssExternal" type="textarea" label="External CSS sources" rows="4" cols="40" filter="raw" default="" description="If you have enabled code insertion you can add external CSS sources here that will be added to the head section of the the rendered page. Theses should be in the format of URLs with one entry per line (ignore word-wrapping)" />
				<field name="javascript" type="textarea" label="Enter Javascript code" rows="4" cols="40" filter="raw" default="" description="If you have enabled code insertion you can add Javascript here that will be added to the head section of the the rendered page. Do not put &amp;lt;script&amp;gt; tags in, just add the actual JS code!" />
				<field name="javascriptExternal" type="textarea" label="External JS sources" rows="4" cols="40" filter="raw" default="" description="If you have enabled code insertion you can add external Javascript sources here that will be added to the head section of the the rendered page. Theses should be in the format of URLs with one entry per line (ignore word-wrapping)" />
			</fieldset>
			
			
			<fieldset name="PLG_SWISS_AFTER_LOGIN_FIELDSET_LABEL">
				<field name="oneClickLogoutEnabled" type="radio" label="Enable 1 click logout" default="0" description="When enabled logged in users can click the logout button without needing to confirm their action. This also means that you can create one click logout links, eg.&lt;br /&gt;index.php?option=com_users&amp;task=user.logout.">
					<option value="0">No</option>
					<option value="1">Yes</option>
				</field>
				
				<field type="spacer" name="s8" hr="true" />
				
				<field name="afterLoginSystemMessageEnabled" type="radio" label="System message after login" default="0" description="When enabled the user will see the message below after logging in. Choose whether your message is marked as a message, a warning or an error (different styles will be applied by the template).">
					<option value="0">None</option>
					<option value="message">Message</option>
					<option value="warning">Warning</option>
					<option value="error">Error</option>
					<!--<option value="1">Yes</option>-->
				</field>
				<field name="afterLoginSystemMessage" type="textarea" rows="2" cols="40" default="" label="Login message" description="A message to display to users to after a successful login (System message after login must be enabled!)" />
				<!--<field name="afterLoginSystemMessageType" type="radio" default="message" label="Message type" description="Choose whether your message is marked as a message, a warning or an error (different styles will be applied by the template).">
					<option value="message">Message</option>
					<option value="warning">Warning</option>
					<option value="error">Error</option>
				</field>-->
				
				<field type="spacer" name="s2" hr="true" />
				
				<field name="afterLoginRedirectEnabled" type="radio" default="0" label="Enable login redirect" description="When enabled you can redirect users after logging in by modifying the settings below.">
					<option value="0">No</option>
					<option value="1">Yes</option>
				</field>
				<field name="afterLoginRedirectUsergroup" type="usergroup" label="Group/s to redirect on login"  size="10" description="Select which usergroup/s to redirect  on login. " multiple="true" />
				<!--<field name="afterLoginRedirectUrl" type="textarea" rows="2" cols="40" default="" label="Login redirect URL" description="A URL to redirect users to after a successful login (leave empty to disable)" />-->
				<field name="afterLoginRedirectUrl" type="menuitem" default="" label="Login redirect page" description="A page to redirect users from the selected group/s to after a successful login." />
				
				<field type="spacer" name="s3" hr="true" />
				
				<field name="afterLogOutRedirectEnabled" type="radio" default="0" label="Enable logout redirect" description="When enabled you can redirect users after logging out by modifying the settings below.&lt;br /&gt;NB: A side effect of this is that it also enables the one click logout, so you can create links like:&lt;br /&gt;index.php?option=com_users&amp;task=user.logout.">
					<option value="0">No</option>
					<option value="1">Yes</option>
				</field>
				<field name="afterLogOutRedirectUsergroup" type="usergroup" default="2" label="Group/s to redirect on logout"  size="10" description="Select which usergroup/s to redirect on log out. " multiple="true" />
				<!--<field name="afterLogOutRedirectUrl" type="textarea" rows="2" cols="40" default="" label="Logout redirect URL" description="A URL to redirect users to after logout (leave empty to disable)" />-->
				<field name="afterLogOutRedirectUrl" type="menuitem" default="" label="Logout redirect page" description="A page to redirect users to after logout." />
				
				<field type="spacer" name="s7" hr="true" />
				
				<field name="failedLoginRedirectEnabled" type="radio" default="0" label="Enable failed login handling" description="When enabled you can create a custom system message for failed login attempts and optionally force a delay before a retry is permitted.">
					<option value="0">No</option>
					<option value="1">Yes</option>
				</field>
				<field name="failedLoginSystemMessage" type="textarea" rows="2" cols="40" default="" label="Failed login message" description="A message to display to users to after a failed login attempt (leave empty to disable)" />
				<field name="failedLoginSystemMessageType" type="radio" default="error" label="Message type" description="Choose whether your message is marked as a message, a warning or an error (different styles will be applied by the template).">
					<option value="message">Message</option>
					<option value="warning">Warning</option>
					<option value="error">Error</option>
				</field>
				<!--<field name="failedLoginHideSystemMessage" type="text" size="40" default="Username and password do not match" label="Hide default message" description="if you enter a part of the string of the default failed login message here the default message will be removed from th the message queue (leave empty to disable)" />-->
				<!--<field name="failedLoginRedirectUrl" type="textarea" rows="2" cols="40" default="" label="Failed login redirect URL" description="A URL to redirect users to after a failed login (leave empty to disable)" />-->
				<field name="failedLoginRedirectUrl" type="menuitem" default="" label="Failed login redirect page" description="A page to redirect users to after a failed login." />
				<field name="failedLoginDelay" type="text" default="0" label="Retry delay" description="Enter just a number which will be the number of seconds that the system will delay subsequent login attempts by (set it to zero to disable)" />
			</fieldset>
			
				
			<fieldset name="PLG_SWISS_SESSION_MANAGER_LABEL" addfieldpath="plugins/system/swiss/fields">
				<field name="enableKeepAliveAllPages" type="radio" default="0" label="Enable session keep alive" description="When enabled you can specify which user groups will be able to stay logged in even after long periods of page inactivity. The plugin will add a small javascript snippet that will invisibly open a page via AJAX before the user is logged out in order to maintain the session.&lt;br /&gt;&lt;b&gt;NB:&lt;/b&gt; Joomla automatically addes a keepAlive script to any pages that have a login module, so even with this feature disabled in the plugin you may find some of your pages display keepAlive behaviour!">
					<option value="0">No</option>
					<option value="1">Yes</option>
				</field>
				<field name="keepaliveUsergroup" type="usergroup" default="" label="Group/s to keep alive"  size="10" description="Select which usergroup/s to apply the keep alive session to. " multiple="true" />
				
				<field type="spacer" name="s4" hr="true" />
				
				<field name="enableSessionEndAlert" type="radio" default="0" label="Session end warning" description="When enabled you can specify which user groups will be alerted before their session times out. Users within the selected usergroup will be alerted before session end and offered choices allowing them to choose to refresh the session or allow it to end.&lt;br /&gt;&lt;br /&gt;&lt;b&gt;Modal&lt;/b&gt; provides a modal window popup which is a bit prettier and has more configurable options (below). &lt;br /&gt;&lt;b&gt;Alert&lt;/b&gt; gives a Javascript alert which has the added bonus that on most systems it will pull user focus back to the window.&lt;br /&gt;&lt;br /&gt;Both options offer users the choice to refresh the session or allow it to expire.&lt;br /&gt;&lt;br /&gt;&lt;b&gt;NB:&lt;/b&gt; Joomla automatically adds a keepAlive script to any pages that have a login module, and if you have enabled keepAlive in this plugin it would be pointless to alert the user if the session is ending (as it will not end!) so in those circumstances the alert will not be sent.">
					<option value="0">Off</option>
					<option value="modal">Modal</option>
					<option value="alert">JS Alert</option>
				</field>
				<field name="sessionEndTestMode" type="radio" default="0" label="Activate test mode" description="When enabled you will receive the session end alert after 5 seconds and the logged out message 10 seconds later (though you will not be logged out until the session really ends). This could help you tweak styles etc. a bit faster than waiting for an actual session to timeout!">
					<option value="0">Off</option>
					<option value="1">On</option>
				</field>
				<!--<field name="sessionEndAlertType" type="radio" default="modal" label="Alert type" description="Choose how your users will be alerted when the session is nearing expiry.&lt;br /&gt;&lt;br /&gt;&lt;b&gt;Modal&lt;/b&gt; provides a modal window popup which looks nicer. &lt;br /&gt;&lt;b&gt;Alert&lt;/b&gt; gives a Javascript alert which will pull user focus back to the window.&lt;br /&gt;&lt;br /&gt;Both options offer users the choice to refresh the session or allow it to expire.">
					<option value="modal">Modal window</option>
					<option value="alert">Javascript alert</option>
				</field>-->
                <field name="sessionEndStartTime" type="text" label="Alert time (seconds)" size="20" default="120" description="The amount of time (in seconds) before the session ends that you wish to alert users. Your total session time is set in your Joomla config, so if that is set to 15 and you enter 180 here the alert will pop up after 12 minutes of inactivity." />
				<field name="sessionEndAlertUsergroup" type="usergroup" label="Group/s to warn" default="" size="10" description="Select which usergroup/s to apply the session end alert to. " multiple="true" />
				<field name="sessionEndAlertModalText" type="textarea" label="Modal alert message" rows="4" cols="40" filter="raw" default="&lt;p class=&quot;sessionEndWarningText&quot;&gt;Your user session has been inactive and you will be logged out automatically in {countdown}&lt;/p&gt;" description="A message that will appear in the modal box (if selected) before the session ends. Use a placeholder {countdown} to show a m:ss countdown timer. You can use HTML here." />
				<field name="sessionEndAlertModalSize" type="widthheight" label="Modal warning size" default="400x150" size="4" description="The width and height of the modal alert box that tells users that their session will soon be ending." />
				<field name="sessionEndedModalText" type="textarea" label="Modal session end message" rows="4" cols="40" filter="raw" default="&lt;p class=&quot;sessionEndExpiredText&quot;&gt;Your session has ended. You will have to log in again to continue.&lt;/p&gt;" description="A message that will appear in the modal box (if selected) after the session ends. You can use HTML here." />
				<field name="sessionEndedModalSize" type="widthheight" label="Modal ended size" default="200x100" size="4" description="The width and height of the modal alert box that tells users that their session has ended." />
			</fieldset>
			
			
            <fieldset name="PLG_SWISS_REGISTERED_USER_HOMEPAGE_FIELDSET_LABEL">
				<field name="registeredUserHomepageEnabled" type="radio" default="0" label="Enable registered homepage" description="When enabled this will allow you to set a different home page for your registered users to that set in the menu structure. The result will be that when they click any HOME link they will be taken to the page you assign here.">
					<option value="0">No</option>
					<option value="1">Yes</option>
				</field>
				<field name="registeredUserHomeGroup1" type="usergroup" default="2" label="Group/s"  size="10" description="Select the usergroup/s whose home page you will set below. " multiple="true" />
				<field name="registeredUserHomeUrl1" type="menuitem" default="" label="New homepage" description="The menu item you select will become the home page for any registered users selected in the group above." />
				
				<field type="spacer" name="s9" hr="true" />
				
				<field name="registeredUserHomeGroup2" type="usergroup" default="2" label="Group/s"  size="10" description="Select the usergroup/s whose home page you will set below. " multiple="true" />
				<field name="registeredUserHomeUrl2" type="menuitem" default="" label="New homepage" description="The menu item you select will become the home page for any registered users selected in the group above." />
				
				<field type="spacer" name="s10" hr="true" />
				
				<field name="registeredUserHomeGroup3" type="usergroup" default="2" label="Group/s"  size="10" description="Select the usergroup/s whose home page you will set below. " multiple="true" />
				<field name="registeredUserHomeUrl3" type="menuitem" default="" label="New homepage" description="The menu item you select will become the home page for any registered users selected in the group above." />
			</fieldset>
			
			
			<fieldset name="PLG_SWISS_COOKIE_DIRECTIVE_FIELDSET_LABEL">
				<field name="cookieDirectiveEnabled" type="radio" default="0" label="Enable cookie alert" description="When enabled this will display info relating to the EU Cookie Directive, namely alerting users of the site that you use cookies. Once they accept the message will be gone from the screen.">
					<option value="0">No</option>
					<option value="1">Yes</option>
				</field>
				<field name="cookieInfoText" type="textarea" rows="4" cols="40" filter="raw" label="Alert message" description="The text that users who have not accepted cookies will see. You can use HTML here so you wil be able to add links to your privacy policy, cookie info etc." default="We use cookies to improve our website and your experience when using it. Cookies used for the essential operation of the site have already been set." />
				<field name="cookieButtonText" type="text" default="Accept" label="Accept button text" description="The text that will be on the acceptance button" />
				<field name="cookieButtonClass" type="text" default="" label="Button class" description="Add a class to the BUTTON tag (some templates have special styles for buttons)." />
				<field name="cookieBoxPosition" type="list" default="bottom:0" label="Box position" description="Select position for the message box">
					<option value="top:0">Top</option>
					<option value="bottom:0">Bottom</option>
				</field>
				<field name="cookieBodyMargin" type="text" default="30px" label="Body margin" description="Enter an amount of margin to add to the BODY tag. This will become MARGIN-TOP if you chose to place the alert at the top of the page or MARGIN-BOTTOM if you chose to position the alert at the bottom of the page. This will help prevent the alert from obscuring content. Remember to include the units"/>
				<field name="cookieBoxColour" type="color" default="#000000" label="Box background" description="Select a colour for the background of the message box"/>
				<field name="cookieBoxWidth" type="text" default="100%" label="Box width" description="Select a width for the message box and remember to include the units"/>
				<field name="cookieBoxPadding" type="text" default="5px" label="Box padding" description="Select a size for the padding and remember to include the units"/>
				<field name="cookieBoxRadius" type="text" default="0" label="Box radius" description="Select a size for the border radius and remember to include the units"/>
				<field name="cookieTextColour" type="color" default="#ffffff" label="Text colour" description="Select a colour for the text of the message box"/>
				<field name="cookieTextSize" type="text" default="1em" label="Text size" description="Select a size for the text and remember to include the units"/>
				<field name="cookieTextAlign" type="list" default="center" label="Text alignment" description="Select alignment for the text">
					<option value="left">Left</option>
					<option value="right">Right</option>
					<option value="center">Center</option>
				</field>
			</fieldset>


			<fieldset name="PLG_SWISS_EXPERIMENTAL_FIELDSET_LABEL">
				<field type="spacer" name="s11" label="&lt;span style='padding:5px;background:red;color:white;'&gt;You should not use these unless you are prepared to do some coding! These are experimental works in progress (WIP)!&lt;/span&gt;" />
				<field type="spacer" name="s12" hr="true" />
				<field name="autoLoginEnabled" type="radio" default="0" label="&lt;span style='font-weight:bold;color:red;'&gt;[WIP]&lt;/span&gt; Enable registration autologin" description="NB: THIS IS EXPERIMENTAL!&lt;br /&gt;When enabled this will automatically log newly registered user in. Note that it will only work if the registration setting is NONE in UserManager->Options->NewUserAccountActivation=NONE - otherwise the account is blocked and it will create a login failure.">
					<option value="0">No</option>
					<option value="1">Yes</option>
				</field>
				
				<field type="spacer" name="s1" hr="true" />
				
				<field name="debugOutputEnabled" type="radio" default="0" label="&lt;span style='font-weight:bold;color:red;'&gt;[WIP]&lt;/span&gt; Enable debug output" description="NB: THIS IS EXPERIMENTAL!&lt;br /&gt;When enabled this will allow you show core Joomla! debug output, optionally restricted by IP address and/or user group.">
					<option value="0">No</option>
					<option value="1">Yes</option>
				</field>
				<field name="debugUsergroup" type="usergroup" label="Limit by usergroup" description="Limit debug output to specified user group/s." multiple="true" size="10" />
				<field name="debugIpAddress" type="text" default="" label="Limit by IP" description="Limit debug output to specified IP address."/>
				<field name="profile" type="radio" default="1" label="Show Profiling" description="Display the profiling waypoints">
					<option value="1">Yes</option>
					<option value="0">No</option>
				</field>
				<field name="queries" type="radio" default="1" label="Show queries" description="Display a list the queries executed while displaying the page.">
					<option value="1">Yes</option>
					<option value="0">No</option>
				</field>
				<field name="query_types" type="radio" default="1" label="Show Query Types" description="Display a list of unique query types and their number of occurrences for the current page. Useful for finding out about repeated queries that are either redundant or which can be grouped into a single, more efficient query.">
					<option value="1">Yes</option>
					<option value="0">No</option>
				</field>
				<field name="memory" type="radio" default="1" label="Show Memory Usage" description="Display the total memory usage.">
					<option value="1">Yes</option>
					<option value="0">No</option>
				</field>
			</fieldset>


			<fieldset name="PLG_SWISS_ENABLE_ADMIN_LINK_IN_BACKEND_FIELDSET_LABEL">
			<!-- <fieldset name="COM_PLUGINS_PLG_SWISS_GENERATOR_OG_TAG_REPLACEMENT_FIELDSET_LABEL_FIELDSET_LABEL"> -->
				<field name="enableAdminLink" type="radio" default="1" label="Enable admin link" description="When enabled the admin icon/link in the top left of the Isis administrator template will never be disabled.">
					<option value="0">No</option>
					<option value="1">Yes</option>
				</field>
			</fieldset>
		</fields>
	</config>
</extension>